﻿<?xml version="1.0"?>
<doc>
<assembly>
<name>
MissionArchiveParser
</name>
</assembly>
<members>
<member name="T:BoycoT.TFMM.ZipStorer">
 <summary>
 Unique class for compression/decompression file. Represents a Zip file.
 </summary>
</member>
<member name="T:BoycoT.TFMM.ZipStorer.Compression">
 <summary>
 Compression method enumeration
 </summary>
</member>
<member name="F:BoycoT.TFMM.ZipStorer.Compression.Store">
 <summary>Uncompressed storage</summary> 
</member>
<member name="F:BoycoT.TFMM.ZipStorer.Compression.Deflate">
 <summary>Deflate compression method</summary>
</member>
<member name="T:BoycoT.TFMM.ZipStorer.ZipFileEntry">
 <summary>
 Represents an entry in Zip file directory
 </summary>
</member>
<member name="F:BoycoT.TFMM.ZipStorer.ZipFileEntry.Method">
 <summary>Compression method</summary>
</member>
<member name="F:BoycoT.TFMM.ZipStorer.ZipFileEntry.FilenameInZip">
 <summary>Full path and filename as stored in Zip</summary>
</member>
<member name="F:BoycoT.TFMM.ZipStorer.ZipFileEntry.FileSize">
 <summary>Original file size</summary>
</member>
<member name="F:BoycoT.TFMM.ZipStorer.ZipFileEntry.CompressedSize">
 <summary>Compressed file size</summary>
</member>
<member name="F:BoycoT.TFMM.ZipStorer.ZipFileEntry.HeaderOffset">
 <summary>Offset of header information inside Zip storage</summary>
</member>
<member name="F:BoycoT.TFMM.ZipStorer.ZipFileEntry.FileOffset">
 <summary>Offset of file inside Zip storage</summary>
</member>
<member name="F:BoycoT.TFMM.ZipStorer.ZipFileEntry.HeaderSize">
 <summary>Size of header information</summary>
</member>
<member name="F:BoycoT.TFMM.ZipStorer.ZipFileEntry.Crc32">
 <summary>32-bit checksum of entire file</summary>
</member>
<member name="F:BoycoT.TFMM.ZipStorer.ZipFileEntry.ModifyTime">
 <summary>Last modification time of file</summary>
</member>
<member name="F:BoycoT.TFMM.ZipStorer.ZipFileEntry.Comment">
 <summary>User comment for file</summary>
</member>
<member name="F:BoycoT.TFMM.ZipStorer.ZipFileEntry.EncodeUTF8">
 <summary>True if UTF8 encoding for filename and comments, false if default (CP 437)</summary>
</member>
<member name="M:BoycoT.TFMM.ZipStorer.ZipFileEntry.ToString">
 <summary>Overriden method</summary>
 <returns>Filename in Zip</returns>
</member>
<member name="F:BoycoT.TFMM.ZipStorer.EncodeUTF8">
 <summary>True if UTF8 encoding for filename and comments, false if default (CP 437)</summary>
</member>
<member name="F:BoycoT.TFMM.ZipStorer.ForceDeflating">
 <summary>Force deflate algotithm even if it inflates the stored file. Off by default.</summary>
</member>
<member name="M:BoycoT.TFMM.ZipStorer.Create(System.String,System.String)">
 <summary>
 Method to create a new storage file
 </summary>
 <param name="_filename">Full path of Zip file to create</param>
 <param name="_comment">General comment for Zip file</param>
 <returns>A valid ZipStorer object</returns>
</member>
<member name="M:BoycoT.TFMM.ZipStorer.Create(System.IO.Stream,System.String)">
 <summary>
 Method to create a new zip storage in a stream
 </summary>
 <param name="_stream"></param>
 <param name="_comment"></param>
 <returns>A valid ZipStorer object</returns>
</member>
<member name="M:BoycoT.TFMM.ZipStorer.Open(System.String,System.IO.FileAccess)">
 <summary>
 Method to open an existing storage file
 </summary>
 <param name="_filename">Full path of Zip file to open</param>
 <param name="_access">File access mode as used in FileStream constructor</param>
 <returns>A valid ZipStorer object</returns>
</member>
<member name="M:BoycoT.TFMM.ZipStorer.Open(System.IO.Stream,System.IO.FileAccess)">
 <summary>
 Method to open an existing storage from stream
 </summary>
 <param name="_stream">Already opened stream with zip contents</param>
 <param name="_access">File access mode for stream operations</param>
 <returns>A valid ZipStorer object</returns>
</member>
<member name="M:BoycoT.TFMM.ZipStorer.AddFile(BoycoT.TFMM.ZipStorer.Compression,System.String,System.String,System.String)">
 <summary>
 Add full contents of a file into the Zip storage
 </summary>
 <param name="_method">Compression method</param>
 <param name="_pathname">Full path of file to add to Zip storage</param>
 <param name="_filenameInZip">Filename and path as desired in Zip directory</param>
 <param name="_comment">Comment for stored file</param>        
</member>
<member name="M:BoycoT.TFMM.ZipStorer.AddStream(BoycoT.TFMM.ZipStorer.Compression,System.String,System.IO.Stream,System.DateTime,System.String)">
 <summary>
 Add full contents of a stream into the Zip storage
 </summary>
 <param name="_method">Compression method</param>
 <param name="_filenameInZip">Filename and path as desired in Zip directory</param>
 <param name="_source">Stream object containing the data to store in Zip</param>
 <param name="_modTime">Modification time of the data to store</param>
 <param name="_comment">Comment for stored file</param>
</member>
<member name="M:BoycoT.TFMM.ZipStorer.Close">
 <summary>
 Updates central directory (if pertinent) and close the Zip storage
 </summary>
 <remarks>This is a required step, unless automatic dispose is used</remarks>
</member>
<member name="M:BoycoT.TFMM.ZipStorer.ReadCentralDir">
 <summary>
 Read all the file records in the central directory 
 </summary>
 <returns>List of all entries in directory</returns>
</member>
<member name="M:BoycoT.TFMM.ZipStorer.ExtractFile(BoycoT.TFMM.ZipStorer.ZipFileEntry,System.String)">
 <summary>
 Copy the contents of a stored file into a physical file
 </summary>
 <param name="_zfe">Entry information of file to extract</param>
 <param name="_filename">Name of file to store uncompressed data</param>
 <returns>True if success, false if not.</returns>
 <remarks>Unique compression methods are Store and Deflate</remarks>
</member>
<member name="M:BoycoT.TFMM.ZipStorer.ExtractFile(BoycoT.TFMM.ZipStorer.ZipFileEntry,System.IO.Stream)">
 <summary>
 Copy the contents of a stored file into an opened stream
 </summary>
 <param name="_zfe">Entry information of file to extract</param>
 <param name="_stream">Stream to store the uncompressed data</param>
 <returns>True if success, false if not.</returns>
 <remarks>Unique compression methods are Store and Deflate</remarks>
</member>
<member name="M:BoycoT.TFMM.ZipStorer.RemoveEntries(BoycoT.TFMM.ZipStorer@,System.Collections.Generic.List{BoycoT.TFMM.ZipStorer.ZipFileEntry})">
 <summary>
 Removes one of many files in storage. It creates a new Zip file.
 </summary>
 <param name="_zip">Reference to the current Zip object</param>
 <param name="_zfes">List of Entries to remove from storage</param>
 <returns>True if success, false if not</returns>
 <remarks>This method only works for storage of type FileStream</remarks>
</member>
<member name="M:BoycoT.TFMM.ZipStorer.Dispose">
 <summary>
 Closes the Zip file stream
 </summary>
</member>
<member name="T:BoycoT.TFMM.My.Resources.Resources">
<summary>
  A strongly-typed resource class, for looking up localized strings, etc.
</summary>
</member>
<member name="P:BoycoT.TFMM.My.Resources.Resources.ResourceManager">
<summary>
  Returns the cached ResourceManager instance used by this class.
</summary>
</member>
<member name="P:BoycoT.TFMM.My.Resources.Resources.Culture">
<summary>
  Overrides the current thread's CurrentUICulture property for all
  resource lookups using this strongly typed resource class.
</summary>
</member>
</members>
</doc>
